<!--

   Joana's Guide Atlas Suite, an instance map browser with a built in leveling guide
   Compiled by Bennylava
   Bennylavaed@gmail.com
   Last Update: 05/27/2014

-->

<Ui xmlns="http://www.blizzard.com/wow/ui/" xmlns:xsi="http://www.w3.org/2001/XMLSchema-instance" xsi:schemaLocation="http://www.blizzard.com/wow/ui/
..\FrameXML\UI.xsd">
	<Frame name="AtlasOptionsFrame" toplevel="true" frameStrata="DIALOG" movable="true" enableMouse="true" hidden="true" parent="UIParent" clampedToScreen="true">
		<Size>
			<AbsDimension x="300" y="490"/>
		</Size>
		<Anchors>
			<Anchor point="CENTER"/>
		</Anchors>
		<Backdrop bgFile="Interface\DialogFrame\UI-DialogBox-Background" edgeFile="Interface\DialogFrame\UI-DialogBox-Border" tile="true">
			<BackgroundInsets>
				<AbsInset left="11" right="12" top="12" bottom="11"/>
			</BackgroundInsets>
			<TileSize>
				<AbsValue val="32"/>
			</TileSize>
			<EdgeSize>
				<AbsValue val="32"/>
			</EdgeSize>
		</Backdrop>
		<Layers>
			<Layer level="ARTWORK">
				<Texture name="$ParentHeader" file="Interface\DialogFrame\UI-DialogBox-Header">
					<Size>
						<AbsDimension x="300" y="64"/>
					</Size>
					<Anchors>
						<Anchor point="TOP">
							<Offset>
								<AbsDimension x="0" y="12"/>
							</Offset>
						</Anchor>
					</Anchors>
				</Texture>
				<FontString inherits="GameFontNormal" text="ATLAS_OPTIONS_TITLE">
					<Anchors>
						<Anchor point="TOP" relativeTo="AtlasOptionsFrameHeader">
							<Offset>
								<AbsDimension x="0" y="-14"/>
							</Offset>
						</Anchor>
					</Anchors>
				</FontString>
			</Layer>
		</Layers>
		<Frames>
			<CheckButton name="$ParentToggleButton" inherits="OptionsCheckButtonTemplate">
				<Anchors>
					<Anchor point="TOPLEFT">
						<Offset>
							<AbsDimension x="40" y="-40"/>
						</Offset>
					</Anchor>
				</Anchors>
				<Scripts>
					<OnLoad>
						getglobal(this:GetName().."Text"):SetText(ATLAS_OPTIONS_SHOWBUT);
					</OnLoad>
					<OnClick>
						AtlasButton_Toggle();
					</OnClick>
				</Scripts>
			</CheckButton>
			<CheckButton name="$ParentAutoSelect" inherits="OptionsCheckButtonTemplate">
				<Anchors>
					<Anchor point="TOPLEFT">
						<Offset>
							<AbsDimension x="40" y="-70"/>
						</Offset>
					</Anchor>
				</Anchors>
				<Scripts>
					<OnLoad>
						getglobal(this:GetName().."Text"):SetText(ATLAS_OPTIONS_AUTOSEL);
					</OnLoad>
					<OnClick>
						AtlasOptions_AutoSelectToggle();
					</OnClick>
				</Scripts>
			</CheckButton>
			<CheckButton name="$ParentReplaceWorldMap" inherits="OptionsCheckButtonTemplate">
				<Anchors>
					<Anchor point="TOPLEFT">
						<Offset>
							<AbsDimension x="40" y="-100"/>
						</Offset>
					</Anchor>
				</Anchors>
				<Scripts>
					<OnLoad>
						getglobal(this:GetName().."Text"):SetText(ATLAS_OPTIONS_REPMAP);
					</OnLoad>
					<OnClick>
						AtlasOptions_ReplaceWorldMapToggle();
					</OnClick>
				</Scripts>
			</CheckButton>
			<CheckButton name="$ParentRightClick" inherits="OptionsCheckButtonTemplate">
				<Anchors>
					<Anchor point="TOPLEFT">
						<Offset>
							<AbsDimension x="40" y="-130"/>
						</Offset>
					</Anchor>
				</Anchors>
				<Scripts>
					<OnLoad>
						getglobal(this:GetName().."Text"):SetText(ATLAS_OPTIONS_RCLICK);
					</OnLoad>
					<OnClick>
						AtlasOptions_RightClickToggle();
					</OnClick>
				</Scripts>
			</CheckButton>
			<CheckButton name="$ParentAcronyms" inherits="OptionsCheckButtonTemplate">
				<Anchors>
					<Anchor point="TOPLEFT">
						<Offset>
							<AbsDimension x="40" y="-160"/>
						</Offset>
					</Anchor>
				</Anchors>
				<Scripts>
					<OnLoad>
						getglobal(this:GetName().."Text"):SetText(ATLAS_OPTIONS_ACRONYMS);
					</OnLoad>
					<OnClick>
						AtlasOptions_AcronymsToggle();
					</OnClick>
				</Scripts>
			</CheckButton>
			<CheckButton name="$ParentClamped" inherits="OptionsCheckButtonTemplate">
				<Anchors>
					<Anchor point="TOPLEFT">
						<Offset>
							<AbsDimension x="40" y="-190"/>
						</Offset>
					</Anchor>
				</Anchors>
				<Scripts>
					<OnLoad>
						getglobal(this:GetName().."Text"):SetText(ATLAS_OPTIONS_CLAMPED);
					</OnLoad>
					<OnClick>
						AtlasOptions_ClampedToggle();
					</OnClick>
				</Scripts>
			</CheckButton>
			<Slider name="$ParentSliderButtonPos" inherits="OptionsSliderTemplate">
				<Size>
					<AbsDimension x="220" y="16"/>
				</Size>
				<Anchors>
					<Anchor point="TOP">
						<Offset>
							<AbsDimension x="0" y="-250" />
						</Offset>
					</Anchor>
				</Anchors>
				<Scripts>
					<OnLoad>
						AtlasOptions_SetupSlider(ATLAS_OPTIONS_BUTPOS, 0, 360, 1);
					</OnLoad>
					<OnValueChanged>
						AtlasOptions.AtlasButtonPosition = this:GetValue();
						AtlasButton_UpdatePosition();
					</OnValueChanged>
				</Scripts>
			</Slider>
			<Slider name="$ParentSliderButtonRad" inherits="OptionsSliderTemplate">
				<Size>
					<AbsDimension x="220" y="16"/>
				</Size>
				<Anchors>
					<Anchor point="TOP">
						<Offset>
							<AbsDimension x="0" y="-290" />
						</Offset>
					</Anchor>
				</Anchors>
				<Scripts>
					<OnLoad>
						AtlasOptions_SetupSlider(ATLAS_OPTIONS_BUTRAD, 0, 200, 1);
					</OnLoad>
					<OnValueChanged>
						AtlasOptions.AtlasButtonRadius = this:GetValue();
						AtlasButton_UpdatePosition();
					</OnValueChanged>
				</Scripts>
			</Slider>
			<Slider name="$ParentSliderAlpha" inherits="OptionsSliderTemplate">
				<Size>
					<AbsDimension x="220" y="16"/>
				</Size>
				<Anchors>
					<Anchor point="TOP">
						<Offset>
							<AbsDimension x="0" y="-330" />
						</Offset>
					</Anchor>
				</Anchors>
				<Scripts>
					<OnLoad>
						AtlasOptions_SetupSlider(ATLAS_OPTIONS_TRANS, 0.25, 1.0, 0.01);
					</OnLoad>
					<OnValueChanged>
						AtlasOptions.AtlasAlpha = this:GetValue();
						Atlas_UpdateAlpha();
					</OnValueChanged>
				</Scripts>
			</Slider>
			<Slider name="$ParentSliderScale" inherits="OptionsSliderTemplate">
				<Size>
					<AbsDimension x="220" y="16"/>
				</Size>
				<Anchors>
					<Anchor point="TOP">
						<Offset>
							<AbsDimension x="0" y="-370" />
						</Offset>
					</Anchor>
				</Anchors>
				<Scripts>
					<OnLoad>
						AtlasOptions_SetupSlider(ATLAS_OPTIONS_SCALE, 0.25, 1.0, 0.01);
					</OnLoad>
					<OnValueChanged>
						AtlasOptions.AtlasScale = this:GetValue();
						Atlas_UpdateScale();
					</OnValueChanged>
				</Scripts>
			</Slider>
			<Button name="$ParentResetPosition" inherits="OptionsButtonTemplate" text="ATLAS_OPTIONS_RESETPOS">
				<Size>
					<AbsDimension x="165" y="20"/>
				</Size>
				<Anchors>
					<Anchor point="BOTTOM">
						<Offset>
							<AbsDimension x="0" y="60"/>
						</Offset>
					</Anchor>
				</Anchors>
				<Scripts>
					<OnClick>
						AtlasOptions_ResetPosition();
					</OnClick>
				</Scripts>
			</Button>
			<Button name="$ParentDone" inherits="OptionsButtonTemplate" text="ATLAS_OPTIONS_DONE">
				<Anchors>
					<Anchor point="BOTTOM">
						<Offset>
							<AbsDimension x="0" y="20"/>
						</Offset>
					</Anchor>
				</Anchors>
				<Scripts>
					<OnClick>
						AtlasOptions_Toggle();
					</OnClick>
				</Scripts>
			</Button>
		</Frames>
		<Scripts>
			<OnLoad>
				AtlasOptions_OnLoad();
			</OnLoad>
			<OnMouseDown>
				if ( arg1 == "LeftButton" ) then
					this:StartMoving()
					this.isMoving = true
				end
			</OnMouseDown>
			<OnMouseUp>
				if this.isMoving then
					this:StopMovingOrSizing()
					this.isMoving = false
				end
			</OnMouseUp>
			<OnHide>
				if this.isMoving then
					this:StopMovingOrSizing()
					this.isMoving = false
				end
			</OnHide>
		</Scripts>
	</Frame>
</Ui>
