<!--

   Joana's Guide Atlas Suite, an instance map browser with a built in leveling guide
   Compiled by Bennylava
   Bennylavaed@gmail.com
   Last Update: 06/07/2014

-->

<Ui xmlns="http://www.blizzard.com/wow/ui/" xmlns:xsi="http://www.w3.org/2001/XMLSchema-instance" xsi:schemaLocation="http://www.blizzard.com/wow/ui/
..\FrameXML\UI.xsd">
	<Frame name="AtlasFrame" toplevel="true" enableMouse="true" movable="true" parent="UIParent" hidden="true">
		<Size>
			<AbsDimension x="1150" y="680"/>
		</Size>
		<Anchors>
 			<Anchor point="TOPLEFT">
 				<Offset>
 					<AbsDimension x="50" y="-170"/>
 				</Offset>
 			</Anchor>
 		</Anchors>
		<Frames>
			<Button name="AtlasFrameCloseButton" inherits="UIPanelCloseButton">
				<Size>
					<AbsDimension x="40" y="40"/>
				</Size>
				<Anchors>
					<Anchor point="TOPRIGHT" relativeTo="AtlasFrame" relativePoint="TOPRIGHT">
						<Offset>
							<AbsDimension x="-5" y="-40"/>
						</Offset>
					</Anchor>
				</Anchors>
			</Button>
			<Button name="AtlasFrameLockButton">
				<Size>
					<AbsDimension x="40" y="40"/>
				</Size>
				<Anchors>
					<Anchor point="RIGHT" relativeTo="AtlasFrameCloseButton" relativePoint="LEFT">
						<Offset>
							<AbsDimension x="10" y="0"/>
						</Offset>
					</Anchor>
				</Anchors>
				<Scripts>
					<OnClick>
						Atlas_ToggleLock();
					</OnClick>
				</Scripts>
				<NormalTexture name="AtlasLockNorm"/>
				<PushedTexture name="AtlasLockPush"/>
				<HighlightTexture file="Interface\Buttons\UI-Panel-MinimizeButton-Highlight" AlphaMode="ADD"/>
			</Button>
			<Button name="AtlasFrameDropDownType" inherits="UIDropDownMenuTemplate">
				<Layers>
					<Layer level="BACKGROUND">
						<FontString name="$parentLabel" inherits="GameFontNormalSmall" text="ATLAS_STRING_SELECT_CAT">
							<Anchors>
								<Anchor point="BOTTOMLEFT" relativePoint="TOPLEFT">
									<Offset>
										<AbsDimension x="21" y="0"/>
									</Offset>
								</Anchor>
							</Anchors>
						</FontString>
					</Layer>
				</Layers>
				<Anchors>
					<Anchor point="TOPLEFT">
						<Offset>
							<AbsDimension x="100" y="-100"/>
						</Offset>
					</Anchor>
				</Anchors>
				<Scripts>
					<OnShow>
						AtlasFrameDropDownType_OnShow();
					</OnShow>
				</Scripts>
			</Button>
			<Button name="AtlasFrameDropDown" inherits="UIDropDownMenuTemplate">
				<Layers>
					<Layer level="BACKGROUND">
						<FontString name="$parentLabel" inherits="GameFontNormalSmall" text="ATLAS_STRING_SELECT_MAP">
							<Anchors>
								<Anchor point="BOTTOMLEFT" relativePoint="TOPLEFT">
									<Offset>
										<AbsDimension x="21" y="0"/>
									</Offset>
								</Anchor>
							</Anchors>
						</FontString>
					</Layer>
				</Layers>
				<Anchors>
					<Anchor point="LEFT" relativeTo="AtlasFrameDropDownType" relativePoint="RIGHT">
						<Offset>
							<AbsDimension x="0" y="0"/>
						</Offset>
					</Anchor>
				</Anchors>
				<Scripts>
					<OnShow>
						AtlasFrameDropDown_OnShow();
					</OnShow>
				</Scripts>
			</Button>
			<Button name="AtlasFrameOptionsButton" inherits="OptionsButtonTemplate" text="ATLAS_OPTIONS_BUTTON">
				<Anchors>
					<Anchor point="TOPRIGHT">
						<Offset>
							<AbsDimension x="-80" y="-50"/>
						</Offset>
					</Anchor>
				</Anchors>
				<Scripts>
					<OnClick>
						AtlasOptions_Toggle();
					</OnClick>
				</Scripts>
			</Button>
		</Frames>
		<Layers>
			<Layer level="ARTWORK">
				<Texture file="Interface\AddOns\Atlas\Images\AtlasFrame-Top">
					<Size>
						<AbsDimension x="256" y="256"/>
					</Size>
					<Anchors>
						<Anchor point="TOPLEFT">
							<Offset>
								<AbsDimension x="0" y="0"/>
							</Offset>
						</Anchor>
					</Anchors>
				</Texture>
				<Texture file="Interface\AddOns\Atlas\Images\AtlasFrame-Left">
					<Size>
						<AbsDimension x="64" y="256"/>
					</Size>
					<Anchors>
						<Anchor point="TOPLEFT">
							<Offset>
								<AbsDimension x="0" y="-256"/>
							</Offset>
						</Anchor>
					</Anchors>
				</Texture>
				<Texture file="Interface\AddOns\Atlas\Images\AtlasFrame-Bottom">
					<Size>
						<AbsDimension x="256" y="256"/>
					</Size>
					<Anchors>
						<Anchor point="TOPLEFT">
							<Offset>
								<AbsDimension x="0" y="-512"/>
							</Offset>
						</Anchor>
					</Anchors>
				</Texture>
				<Texture file="Interface\AddOns\Atlas\Images\AtlasFrame-Bottom2">
					<Size>
						<AbsDimension x="512" y="256"/>
					</Size>
					<Anchors>
						<Anchor point="TOPLEFT">
							<Offset>
								<AbsDimension x="256" y="-512"/>
							</Offset>
						</Anchor>
					</Anchors>
				</Texture>
				<Texture file="Interface\AddOns\Atlas\Images\AtlasFrame-Top2">
					<Size>
						<AbsDimension x="512" y="512"/>
					</Size>
					<Anchors>
						<Anchor point="TOPLEFT">
							<Offset>
								<AbsDimension x="256" y="0"/>
							</Offset>
						</Anchor>
					</Anchors>
				</Texture>
				<Texture file="Interface\AddOns\Atlas\Images\AtlasFrame-Bottom3">
					<Size>
						<AbsDimension x="512" y="256"/>
					</Size>
					<Anchors>
						<Anchor point="TOPLEFT">
							<Offset>
								<AbsDimension x="768" y="-512"/>
							</Offset>
						</Anchor>
					</Anchors>
				</Texture>
				<Texture file="Interface\AddOns\Atlas\Images\AtlasFrame-Top3">
					<Size>
						<AbsDimension x="512" y="512"/>
					</Size>
					<Anchors>
						<Anchor point="TOPLEFT">
							<Offset>
								<AbsDimension x="768" y="0"/>
							</Offset>
						</Anchor>
					</Anchors>
				</Texture>
				<FontString inherits="GameFontHighlight" text="ATLAS_TITLE">
					<Anchors>
						<Anchor point="TOP">
							<Offset>
								<AbsDimension x="0" y="-53"/>
							</Offset>
						</Anchor>
					</Anchors>
				</FontString>
				<FontString inherits="GameFontNormalSmall" text="ATLAS_VERSION">
					<Color r="0.0" g="9.4" b="0.0"/>
					<Anchors>
						<Anchor point="TOPRIGHT">
							<Offset>
								<AbsDimension x="-280" y="-58"/>
							</Offset>
						</Anchor>
					</Anchors>
				</FontString>
			
				<FontString name="AtlasText_ZoneName" inherits="GameFontHighlightLarge">
					<Anchors>
						<Anchor point="TOPLEFT">
							<Offset>
								<AbsDimension x="560" y="-150"/>
							</Offset>
						</Anchor>
					</Anchors>
				</FontString>
				<FontString name="AtlasText_Location" inherits="GameFontNormal">
					<Anchors>
						<Anchor point="TOPLEFT" relativeTo="AtlasText_ZoneName" relativePoint="TOPLEFT">
							<Offset>
								<AbsDimension x="0" y="-20"/>
							</Offset>
						</Anchor>
					</Anchors>
				</FontString>
				<FontString name="AtlasText_LevelRange" inherits="GameFontNormal">
					<Anchors>
						<Anchor point="TOPLEFT" relativeTo="AtlasText_ZoneName" relativePoint="TOPLEFT">
							<Offset>
								<AbsDimension x="0" y="-35"/>
							</Offset>
						</Anchor>
					</Anchors>
				</FontString>
				<FontString name="AtlasText_PlayerLimit" inherits="GameFontNormal">
					<Anchors>
						<Anchor point="TOPLEFT" relativeTo="AtlasText_ZoneName" relativePoint="TOPLEFT">
							<Offset>
								<AbsDimension x="0" y="-50"/>
							</Offset>
						</Anchor>
					</Anchors>
				</FontString>
				<FontString name="AtlasText_1" inherits="NumberFontNormal">
					<Anchors>
						<Anchor point="TOPLEFT" relativeTo="AtlasText_ZoneName" relativePoint="TOPLEFT">
							<Offset>
								<AbsDimension x="0" y="-80"/>
							</Offset>
						</Anchor>
					</Anchors>
				</FontString>
				<FontString name="AtlasText_2" inherits="NumberFontNormal">
					<Anchors>
						<Anchor point="TOPLEFT" relativeTo="AtlasText_ZoneName" relativePoint="TOPLEFT">
							<Offset>
								<AbsDimension x="0" y="-95"/>
							</Offset>
						</Anchor>
					</Anchors>
				</FontString>
				<FontString name="AtlasText_3" inherits="NumberFontNormal">
					<Anchors>
						<Anchor point="TOPLEFT" relativeTo="AtlasText_ZoneName" relativePoint="TOPLEFT">
							<Offset>
								<AbsDimension x="0" y="-110"/>
							</Offset>
						</Anchor>
					</Anchors>
				</FontString>
				<FontString name="AtlasText_4" inherits="NumberFontNormal">
					<Anchors>
						<Anchor point="TOPLEFT" relativeTo="AtlasText_ZoneName" relativePoint="TOPLEFT">
							<Offset>
								<AbsDimension x="0" y="-125"/>
							</Offset>
						</Anchor>
					</Anchors>
				</FontString>
				<FontString name="AtlasText_5" inherits="NumberFontNormal">
					<Anchors>
						<Anchor point="TOPLEFT" relativeTo="AtlasText_ZoneName" relativePoint="TOPLEFT">
							<Offset>
								<AbsDimension x="0" y="-140"/>
							</Offset>
						</Anchor>
					</Anchors>
				</FontString>
				<FontString name="AtlasText_6" inherits="NumberFontNormal">
					<Anchors>
						<Anchor point="TOPLEFT" relativeTo="AtlasText_ZoneName" relativePoint="TOPLEFT">
							<Offset>
								<AbsDimension x="0" y="-155"/>
							</Offset>
						</Anchor>
					</Anchors>
				</FontString>
				<FontString name="AtlasText_7" inherits="NumberFontNormal">
					<Anchors>
						<Anchor point="TOPLEFT" relativeTo="AtlasText_ZoneName" relativePoint="TOPLEFT">
							<Offset>
								<AbsDimension x="0" y="-170"/>
							</Offset>
						</Anchor>
					</Anchors>
				</FontString>
				<FontString name="AtlasText_8" inherits="NumberFontNormal">
					<Anchors>
						<Anchor point="TOPLEFT" relativeTo="AtlasText_ZoneName" relativePoint="TOPLEFT">
							<Offset>
								<AbsDimension x="0" y="-185"/>
							</Offset>
						</Anchor>
					</Anchors>
				</FontString>
				<FontString name="AtlasText_9" inherits="NumberFontNormal">
					<Anchors>
						<Anchor point="TOPLEFT" relativeTo="AtlasText_ZoneName" relativePoint="TOPLEFT">
							<Offset>
								<AbsDimension x="0" y="-200"/>
							</Offset>
						</Anchor>
					</Anchors>
				</FontString>
				<FontString name="AtlasText_10" inherits="NumberFontNormal">
					<Anchors>
						<Anchor point="TOPLEFT" relativeTo="AtlasText_ZoneName" relativePoint="TOPLEFT">
							<Offset>
								<AbsDimension x="0" y="-215"/>
							</Offset>
						</Anchor>
					</Anchors>
				</FontString>
				<FontString name="AtlasText_11" inherits="NumberFontNormal">
					<Anchors>
						<Anchor point="TOPLEFT" relativeTo="AtlasText_ZoneName" relativePoint="TOPLEFT">
							<Offset>
								<AbsDimension x="0" y="-230"/>
							</Offset>
						</Anchor>
					</Anchors>
				</FontString>
				<FontString name="AtlasText_12" inherits="NumberFontNormal">
					<Anchors>
						<Anchor point="TOPLEFT" relativeTo="AtlasText_ZoneName" relativePoint="TOPLEFT">
							<Offset>
								<AbsDimension x="0" y="-245"/>
							</Offset>
						</Anchor>
					</Anchors>
				</FontString>
				<FontString name="AtlasText_13" inherits="NumberFontNormal">
					<Anchors>
						<Anchor point="TOPLEFT" relativeTo="AtlasText_ZoneName" relativePoint="TOPLEFT">
							<Offset>
								<AbsDimension x="0" y="-260"/>
							</Offset>
						</Anchor>
					</Anchors>
				</FontString>
				<FontString name="AtlasText_14" inherits="NumberFontNormal">
					<Anchors>
						<Anchor point="TOPLEFT" relativeTo="AtlasText_ZoneName" relativePoint="TOPLEFT">
							<Offset>
								<AbsDimension x="0" y="-275"/>
							</Offset>
						</Anchor>
					</Anchors>
				</FontString>
				<FontString name="AtlasText_15" inherits="NumberFontNormal">
					<Anchors>
						<Anchor point="TOPLEFT" relativeTo="AtlasText_ZoneName" relativePoint="TOPLEFT">
							<Offset>
								<AbsDimension x="0" y="-290"/>
							</Offset>
						</Anchor>
					</Anchors>
				</FontString>
				<FontString name="AtlasText_16" inherits="NumberFontNormal">
					<Anchors>
						<Anchor point="TOPLEFT" relativeTo="AtlasText_ZoneName" relativePoint="TOPLEFT">
							<Offset>
								<AbsDimension x="0" y="-305"/>
							</Offset>
						</Anchor>
					</Anchors>
				</FontString>
				<FontString name="AtlasText_17" inherits="NumberFontNormal">
					<Anchors>
						<Anchor point="TOPLEFT" relativeTo="AtlasText_ZoneName" relativePoint="TOPLEFT">
							<Offset>
								<AbsDimension x="0" y="-320"/>
							</Offset>
						</Anchor>
					</Anchors>
				</FontString>
				<FontString name="AtlasText_18" inherits="NumberFontNormal">
					<Anchors>
						<Anchor point="TOPLEFT" relativeTo="AtlasText_ZoneName" relativePoint="TOPLEFT">
							<Offset>
								<AbsDimension x="0" y="-335"/>
							</Offset>
						</Anchor>
					</Anchors>
				</FontString>
				<FontString name="AtlasText_19" inherits="NumberFontNormal">
					<Anchors>
						<Anchor point="TOPLEFT" relativeTo="AtlasText_ZoneName" relativePoint="TOPLEFT">
							<Offset>
								<AbsDimension x="0" y="-350"/>
							</Offset>
						</Anchor>
					</Anchors>
				</FontString>
				<FontString name="AtlasText_20" inherits="NumberFontNormal">
					<Anchors>
						<Anchor point="TOPLEFT" relativeTo="AtlasText_ZoneName" relativePoint="TOPLEFT">
							<Offset>
								<AbsDimension x="0" y="-365"/>
							</Offset>
						</Anchor>
					</Anchors>
				</FontString>
				<FontString name="AtlasText_21" inherits="NumberFontNormal">
					<Anchors>
						<Anchor point="TOPLEFT" relativeTo="AtlasText_ZoneName" relativePoint="TOPLEFT">
							<Offset>
								<AbsDimension x="0" y="-380"/>
							</Offset>
						</Anchor>
					</Anchors>
				</FontString>
				<FontString name="AtlasText_22" inherits="NumberFontNormal">
					<Anchors>
						<Anchor point="TOPLEFT" relativeTo="AtlasText_ZoneName" relativePoint="TOPLEFT">
							<Offset>
								<AbsDimension x="0" y="-395"/>
							</Offset>
						</Anchor>
					</Anchors>
				</FontString>
				<FontString name="AtlasText_23" inherits="NumberFontNormal">
					<Anchors>
						<Anchor point="TOPLEFT" relativeTo="AtlasText_ZoneName" relativePoint="TOPLEFT">
							<Offset>
								<AbsDimension x="0" y="-410"/>
							</Offset>
						</Anchor>
					</Anchors>
				</FontString>
				<FontString name="AtlasText_24" inherits="NumberFontNormal">
					<Anchors>
						<Anchor point="TOPLEFT" relativeTo="AtlasText_ZoneName" relativePoint="TOPLEFT">
							<Offset>
								<AbsDimension x="0" y="-425"/>
							</Offset>
						</Anchor>
					</Anchors>
				</FontString>
				<FontString name="AtlasText_25" inherits="NumberFontNormal">
					<Anchors>
						<Anchor point="TOPLEFT" relativeTo="AtlasText_ZoneName" relativePoint="TOPLEFT">
							<Offset>
								<AbsDimension x="0" y="-440"/>
							</Offset>
						</Anchor>
					</Anchors>
				</FontString>
				<FontString name="AtlasText_26" inherits="NumberFontNormal">
					<Anchors>
						<Anchor point="TOPLEFT" relativeTo="AtlasText_ZoneName" relativePoint="TOPLEFT">
							<Offset>
								<AbsDimension x="0" y="-455"/>
							</Offset>
						</Anchor>
					</Anchors>
				</FontString>
				<FontString name="AtlasText_27" inherits="NumberFontNormal">
					<Anchors>
						<Anchor point="TOPLEFT" relativeTo="AtlasText_ZoneName" relativePoint="TOPLEFT">
							<Offset>
								<AbsDimension x="0" y="-470"/>
							</Offset>
						</Anchor>
					</Anchors>
				</FontString>
				<FontString name="AtlasText_28" inherits="NumberFontNormal">
					<Anchors>
						<Anchor point="TOPLEFT" relativeTo="AtlasText_ZoneName" relativePoint="TOPLEFT">
							<Offset>
								<AbsDimension x="0" y="-485"/>
							</Offset>
						</Anchor>
					</Anchors>
				</FontString>
				<FontString name="AtlasText_29" inherits="NumberFontNormal">
					<Anchors>
						<Anchor point="TOPLEFT" relativeTo="AtlasText_ZoneName" relativePoint="TOPLEFT">
							<Offset>
								<AbsDimension x="0" y="-500"/>
							</Offset>
						</Anchor>
					</Anchors>
				</FontString>	
				<FontString name="AtlasText_30" inherits="NumberFontNormal">
					<Anchors>
						<Anchor point="TOPLEFT" relativeTo="AtlasText_ZoneName" relativePoint="TOPLEFT">
							<Offset>
								<AbsDimension x="0" y="-515"/>
							</Offset>
						</Anchor>
					</Anchors>
				</FontString>				
			</Layer>
			<Layer level="BACKGROUND">
				<Texture name="AtlasMap"/>
          	</Layer>
		</Layers>
		<Scripts>
			<OnLoad>
				Atlas_OnLoad();
			</OnLoad>
			<OnEvent>
				Atlas_OnEvent();
			</OnEvent>
			<OnShow>
				Atlas_OnShow();
			</OnShow>
			<OnHide>
				AtlasFrame:StopMovingOrSizing();
			</OnHide>
			<OnDragStart>
				if(arg1 == "LeftButton") then
					Atlas_StartMoving();
				end
			</OnDragStart>
			<OnDragStop>
				AtlasFrame:StopMovingOrSizing();
			</OnDragStop>
			<OnMouseUp>
				AtlasFrame:StopMovingOrSizing();
				Atlas_OnClick();
			</OnMouseUp>
		</Scripts>
	</Frame>
</Ui>
